{
  "735122512157081611": {
    "addedTimestamp": 1703776398212,
    "removalsRemaining": 0
  },
  "923566246514028564": {
    "addedTimestamp": 1703776448718,
    "removalsRemaining": 0
  },
  "509243410234867724": {
    "addedTimestamp": 1703776501575,
    "removalsRemaining": 0
  },
  "772497754849017916": {
    "addedTimestamp": 1703801541568,
    "removalsRemaining": 1
  },
  "1013131656799977482": {
    "addedTimestamp": 1703847423137,
    "removalsRemaining": 0
  },
  "986259899178700855": {
    "addedTimestamp": 1703853517972,
    "removalsRemaining": 0
  },
  "1170129656087859243": {
    "addedTimestamp": 1703929588128,
    "removalsRemaining": 1
  },
  "1186326924214149211": {
    "addedTimestamp": 1703942915660,
    "removalsRemaining": 1
  },
  "1112013691592917034": {
    "addedTimestamp": 1703944843810,
    "removalsRemaining": 1
  },
  "558029685938847765": {
    "addedTimestamp": 1704031932429,
    "removalsRemaining": 0
  },
  "732023145980231840": {
    "addedTimestamp": 1704039862793,
    "removalsRemaining": 0
  },
  "1134910839426646077": {
    "addedTimestamp": 1704100678934,
    "removalsRemaining": 0
  },
  "1163476942159347875": {
    "addedTimestamp": 1704120834218,
    "removalsRemaining": 0
  },
  "1117782703522189383": {
    "addedTimestamp": 1704188978274,
    "removalsRemaining": 1
  },
  "1068289945455824976": {
    "addedTimestamp": 1704190405753,
    "removalsRemaining": 1
  },
  "1098016273465606217": {
    "addedTimestamp": 1704286281927,
    "removalsRemaining": 0
  },
  "1116100747906527252": {
    "addedTimestamp": 1704288462919,
    "removalsRemaining": 1
  },
  "958774893686702091": {
    "addedTimestamp": 1704292908155,
    "removalsRemaining": 0
  },
  "1052142965813936249": {
    "addedTimestamp": 1704296066343,
    "removalsRemaining": 1
  },
  "1168206328192319501": {
    "addedTimestamp": 1704296250562,
    "removalsRemaining": 1
  }
}